{
    "Serie A": {
        "Bologna FC": "Bologna",
        "US Lecce": "Lecce",
        "Sassuolo Calcio": "Sassuolo",
        "Juventus": "Juventus",
        "Parma Calcio": "Parma",
        "AS Roma": "Roma",
        "SS Lazio": "Lazio",
        "AC Milan": "AC Milan",
        "ACF Fiorentina": "Fiorentina",
        "Hellas Verona": "Hellas Verona",
        "Torino FC": "Torino",
        "Cagliari Calcio": "Cagliari",
        "Genoa CFC": "Genoa",
        "Pisa SC": "Pisa",
        "US Cremonese": "Cremonese",
        "SSC Napoli": "Napoli",
        "Udinese Calcio": "Udinese",
        "Como 1907": "Como",
        "Inter Milan": "Inter Milan",
        "Atalanta BC": "Atalanta"
    },
    "Serie B": {
        "Spezia Calcio": "Spezia",
        "Reggiana 1919": "Reggiana",
        "Palermo FC": "Palermo",
        "Modena FC": "Modena",
        "Juve Stabia": "Juve Stabia",
        "Cesena FC": "Cesena",
        "Virtus Entella": "Virtus Entella",
        "US Avellino": "Avellino",
        "Mantova 1911": "Mantova",
        "US Catanzaro": "Catanzaro",
        "Carrarese Calcio": "Carrarese",
        "Calcio Padova": "Padova",
        "Venezia FC": "Venezia",
        "AC Monza": "Monza",
        "SSC Bari": "Bari",
        "Delfino Pescara": "Pescara",
        "Frosinone Calcio": "Frosinone",
        "Empoli FC": "Empoli",
        "Sampdoria Genoa": "Sampdoria",
        "FC Sudtirol Bolzano": "S\u00fcdtirol"
    },
    "Champions League": {
        "Real Madrid": "Real Madrid",
        "Sporting Lisbon": "Sporting CP",
        "AS Monaco": "Monaco",
        "Bayer Leverkusen": "Bayer Leverkusen",
        "Juventus": "Juventus",
        "Pafos FC": "Pafos",
        "Villarreal CF": "Villarreal",
        "Borussia Dortmund": "Borussia Dortmund",
        "Paris Saint Germain": "Paris SG",
        "FK Bod\u00f8/Glimt": "Bod\u00f8/Glimt",
        "Qarabag FK": "Qaraba\u011f",
        "Athletic Bilbao": "Athletic Bilbao",
        "Atletico Madrid": "Atl\u00e9tico Madrid",
        "Eintracht Frankfurt": "Eintracht Frankfurt",
        "FC Copenhagen": "FC Copenhagen",
        "Slavia Prague": "Slavia Prague",
        "Liverpool": "Liverpool",
        "PSV Eindhoven": "PSV Eindhoven",
        "Olympiacos Piraeus": "Olympiacos",
        "Tottenham Hotspur": "Tottenham Hotspur",
        "Inter Milan": "Inter Milan",
        "Atalanta BC": "Atalanta",
        "Chelsea": "Chelsea",
        "Arsenal": "Arsenal",
        "FC Kairat Almaty": "Kairat Almaty",
        "Club Brugge": "Club Brugge",
        "Galatasaray A\u015e": "Galatasaray",
        "Union Saint-Gilloise": "Union Saint-Gilloise",
        "SL Benfica": "Benfica",
        "Manchester City": "Manchester City",
        "Ajax Amsterdam": "Ajax",
        "Barcelona": "Barcelona",
        "Olympique Marseille": "Marseille",
        "Bayern Munich": "Bayern Munich",
        "SSC Napoli": "Napoli",
        "Newcastle United": "Newcastle United"
    },
    "Europa League": {
        "SK Brann": "Brann",
        "Bologna FC": "Bologna",
        "PAOK Thessaloniki": "PAOK",
        "Stuttgart": "Stuttgart",
        "FC Basel 1893": "Basel",
        "Real Betis": "Real Betis",
        "Freiburg": "Freiburg",
        "Go Ahead Eagles": "Go Ahead Eagles",
        "FC Midtjylland": "FC Midtjylland",
        "PFC Ludogorets 1945 Razgrad": "Ludogorets Razgrad",
        "Feyenoord Rotterdam": "Feyenoord",
        "Celta Vigo": "Celta Vigo",
        "Aston Villa": "Aston Villa",
        "Ferencvarosi Budapest": "Ferencv\u00e1ros",
        "Panathinaikos Athens": "Panathinaikos",
        "Maccabi Tel Aviv FC": "Maccabi Tel Aviv",
        "Fotbal Club FCSB": "FCSB",
        "Fenerbahce": "Fenerbah\u00e7e",
        "FC Salzburg": "Red Bull Salzburg",
        "Nottingham Forest": "Nottingham Forest",
        "FK Crvena Zvezda": "Crvena Zvezda",
        "KRC Genk": "Genk",
        "AS Roma": "Roma",
        "SC Braga": "Braga",
        "Malmo FF": "Malmo FF",
        "Nice": "Nice",
        "Celtic Glasgow": "Celtic",
        "Rangers": "Rangers",
        "FC Porto": "FC Porto",
        "Young Boys Bern": "Young Boys",
        "FC Utrecht": "Utrecht",
        "FC Viktoria Plzen": "Viktoria Plze\u0148",
        "GNK Dinamo Zagreb": "Dinamo Zagreb",
        "SK Sturm Graz": "Sturm Graz",
        "Lyon": "Lyon",
        "Lille OSC": "Lille"
    },
    "Conference League": {
        "Breidablik Kopavogur": "Brei\u00f0ablik",
        "Crystal Palace": "Crystal Palace",
        "Lausanne-Sport": "Lausanne-Sport",
        "FC Noah Yerevan": "Noah",
        "Jagiellonia Bialystok": "Jagiellonia Bia\u0142ystok",
        "KKS Lech Poznan": "Lech Pozna\u0144",
        "HNK Rijeka": "Rijeka",
        "Samsunspor": "Samsunspor",
        "Aberdeen FC": "Aberdeen",
        "Shkendija Tetovo": "Shk\u00ebndija",
        "Strasbourg Alsace": "Strasbourg",
        "AEK Larnaca": "AEK Larnaca",
        "KF Drita": "Drita"
    },
    "Premier League": {
        "Chelsea": "Chelsea",
        "Crystal Palace": "Crystal Palace",
        "Wolverhampton": "Wolverhampton Wanderers",
        "Everton": "Everton",
        "Nottingham Forest": "Nottingham Forest",
        "Arsenal": "Arsenal",
        "Brentford": "Brentford",
        "Fulham": "Fulham",
        "Sunderland AFC": "Sunderland",
        "Manchester United": "Manchester United",
        "Brighton & Hove Albion": "Brighton and Hove Albion",
        "Manchester City": "Manchester City",
        "Burnley": "Burnley",
        "AFC Bournemouth": "Bournemouth",
        "West Ham United": "West Ham United",
        "Liverpool": "Liverpool",
        "Leeds United": "Leeds United",
        "Aston Villa": "Aston Villa",
        "Tottenham Hotspur": "Tottenham Hotspur",
        "Newcastle United": "Newcastle United"
    },
    "Bundesliga": {
        "Borussia Monchengladbach": "Borussia M\u00f6nchengladbach",
        "Bayer Leverkusen": "Bayer Leverkusen",
        "TSG Hoffenheim": "Hoffenheim",
        "FC Heidenheim 1846": "FC Heidenheim",
        "Werder Bremen": "Werder Bremen",
        "Borussia Dortmund": "Borussia Dortmund",
        "Stuttgart": "Stuttgart",
        "FC St. Pauli": "St Pauli",
        "RB Leipzig": "RB Leipzig",
        "Freiburg": "Freiburg",
        "Eintracht Frankfurt": "Eintracht Frankfurt",
        "Union Berlin": "Union Berlin",
        "FSV Mainz": "Mainz",
        "Wolfsburg": "Wolfsburg",
        "Bayern Munich": "Bayern Munich",
        "FC Koln": "FC K\u00f6ln",
        "FC Augsburg": "FC Augsburg",
        "Hamburger SV": "Hamburg"
    },
    "La Liga": {
        "Real Madrid": "Real Madrid",
        "Getafe": "Getafe",
        "Real Sociedad": "Real Sociedad",
        "Rayo Vallecano": "Rayo Vallecano",
        "Real Oviedo": "Real Oviedo",
        "Deportivo Alaves": "Deportivo Alav\u00e9s",
        "Villarreal CF": "Villarreal",
        "Mallorca": "Mallorca",
        "Elche CF": "Elche",
        "Espanyol Barcelona": "Barcelona",
        "Levante UD": "Levante",
        "Athletic Bilbao": "Athletic Bilbao",
        "Osasuna": "Osasuna",
        "Atletico Madrid": "Atl\u00e9tico Madrid",
        "Real Betis": "Real Betis",
        "Valencia": "Valencia",
        "Barcelona": "Barcelona",
        "Girona": "Girona",
        "Celta Vigo": "Celta Vigo",
        "Sevilla": "Sevilla"
    },
    "Ligue 1": {
        "AS Monaco": "Monaco",
        "Lorient": "Lorient",
        "Angers SCO": "Angers",
        "Le Havre AC": "Le Havre",
        "RC Lens": "Lens",
        "Metz": "Metz",
        "Toulouse FC": "Toulouse",
        "Paris Saint Germain": "Paris FC",
        "Nice": "Nice",
        "AJ Auxerre": "Auxerre",
        "Paris FC": "Paris FC",
        "Brest": "Brest",
        "Olympique Marseille": "Marseille",
        "Nantes": "Nantes",
        "Rennes": "Rennes",
        "Strasbourg Alsace": "Strasbourg",
        "Lyon": "Lyon",
        "Lille OSC": "Lille"
    }
}